{"cameraMode":{"drawMode":0,"name":"Shaded","section":"Shading Mode"},"sceneLighting":false,"audioPlay":false,"sceneViewState":{"showFog":true,"showMaterialUpdate":false,"showSkybox":false,"showFlares":true,"showImageEffects":true,"showParticleSystems":true},"in2DMode":false,"pivot":{"x":-6.057910919189453,"y":1.494999885559082,"z":1.6279995441436768},"rotation":{"x":-0.038878221064805987,"y":0.9043936729431152,"z":-0.0846858099102974,"w":-0.4166329503059387},"size":0.7915287613868713,"orthographic":true}