{"cameraMode":{"drawMode":0,"name":"Shaded","section":"Shading Mode"},"sceneLighting":true,"audioPlay":false,"sceneViewState":{"showFog":true,"showMaterialUpdate":false,"showSkybox":true,"showFlares":true,"showImageEffects":true,"showParticleSystems":true},"in2DMode":false,"pivot":{"x":-3.8438968658447267,"y":-6.028736114501953,"z":11.936927795410157},"rotation":{"x":-0.03903249651193619,"y":-0.9468432664871216,"z":0.2933017909526825,"w":-0.12819117307662965},"size":20.187124252319337,"orthographic":false}