{"cameraMode":{"drawMode":0,"name":"Shaded","section":"Shading Mode"},"sceneLighting":true,"audioPlay":false,"sceneViewState":{"showFog":true,"showMaterialUpdate":true,"showSkybox":true,"showFlares":true,"showImageEffects":true,"showParticleSystems":true},"in2DMode":false,"pivot":{"x":-6.786816596984863,"y":11.521771430969239,"z":37.377254486083987},"rotation":{"x":0.20822669565677644,"y":0.723378598690033,"z":-0.24681372940540315,"w":0.6102852821350098},"size":19.249813079833986,"orthographic":false}