{"cameraMode":{"drawMode":0,"name":"Shaded","section":"Shading Mode"},"sceneLighting":true,"audioPlay":false,"sceneViewState":{"showFog":true,"showMaterialUpdate":false,"showSkybox":true,"showFlares":true,"showImageEffects":true,"showParticleSystems":true},"in2DMode":false,"pivot":{"x":690.7611083984375,"y":387.65234375,"z":-144.9691162109375},"rotation":{"x":0.02848479151725769,"y":0.028484854847192766,"z":-0.0008078950340859592,"w":0.9992044568061829},"size":448.4945983886719,"orthographic":true}